{"cameraMode":{"drawMode":0,"name":"Shaded","section":"Shading Mode"},"sceneLighting":false,"audioPlay":false,"sceneViewState":{"showFog":true,"showMaterialUpdate":false,"showSkybox":false,"showFlares":true,"showImageEffects":true,"showParticleSystems":true},"in2DMode":false,"pivot":{"x":-29.530000686645509,"y":2.5,"z":12.084704399108887},"rotation":{"x":-0.035992205142974856,"y":1.5530045516243264e-7,"z":8.12045186648902e-9,"w":-0.9993520975112915},"size":2.3798599243164064,"orthographic":false}