{"cameraMode":{"drawMode":0,"name":"Shaded","section":"Shading Mode"},"sceneLighting":true,"audioPlay":false,"sceneViewState":{"showFog":true,"showMaterialUpdate":false,"showSkybox":true,"showFlares":true,"showImageEffects":true,"showParticleSystems":true},"in2DMode":false,"pivot":{"x":-27.559999465942384,"y":10.140000343322754,"z":12.0},"rotation":{"x":0.009980077855288983,"y":0.06154792755842209,"z":-0.0006154184229671955,"w":0.998054027557373},"size":93.8775634765625,"orthographic":true}