{"cameraMode":{"drawMode":0,"name":"Shaded","section":"Shading Mode"},"sceneLighting":false,"audioPlay":false,"sceneViewState":{"showFog":true,"showMaterialUpdate":false,"showSkybox":false,"showFlares":true,"showImageEffects":true,"showParticleSystems":true},"in2DMode":false,"pivot":{"x":-27.559999465942384,"y":10.140000343322754,"z":12.0},"rotation":{"x":-0.0050003123469650749,"y":-0.008909400552511216,"z":-0.00004372992043499835,"w":0.9999478459358215},"size":0.9478537440299988,"orthographic":true}